"filename", "language", "Python", "toml", "pip requirements", "Markdown", "Jupyter", "JavaScript", "CSV", "Django HTML", "Properties", "SQLite3 Editor Query", "JSON", "comment", "blank", "total"
"d:\Users\yoonus\documents\GitHub\Stock_AI_Predictor\.env", "Properties", 0, 0, 0, 0, 0, 0, 0, 0, 5, 0, 0, 1, 0, 6
"d:\Users\yoonus\documents\GitHub\Stock_AI_Predictor\.github\__init__.py", "Python", 0, 0, 0, 0, 0, 0, 0, 0, 0, 0, 0, 0, 1, 1
"d:\Users\yoonus\documents\GitHub\Stock_AI_Predictor\.github\workflows\__init__.py", "Python", 0, 0, 0, 0, 0, 0, 0, 0, 0, 0, 0, 0, 1, 1
"d:\Users\yoonus\documents\GitHub\Stock_AI_Predictor\Backtesting\Docs\IMPLEMENTATION_COMPLETE.md", "Markdown", 0, 0, 0, 104, 0, 0, 0, 0, 0, 0, 0, 0, 35, 139
"d:\Users\yoonus\documents\GitHub\Stock_AI_Predictor\Backtesting\Docs\MIGRATION_GUIDE.md", "Markdown", 0, 0, 0, 176, 0, 0, 0, 0, 0, 0, 0, 0, 56, 232
"d:\Users\yoonus\documents\GitHub\Stock_AI_Predictor\Backtesting\Docs\__init__.py", "Python", 0, 0, 0, 0, 0, 0, 0, 0, 0, 0, 0, 0, 1, 1
"d:\Users\yoonus\documents\GitHub\Stock_AI_Predictor\Backtesting\IMPLEMENTATION_COMPLETE.md", "Markdown", 0, 0, 0, 0, 0, 0, 0, 0, 0, 0, 0, 0, 1, 1
"d:\Users\yoonus\documents\GitHub\Stock_AI_Predictor\Backtesting\Tests\test_backtrading_py_evaluator.py", "Python", 153, 0, 0, 0, 0, 0, 0, 0, 0, 0, 0, 45, 48, 246
"d:\Users\yoonus\documents\GitHub\Stock_AI_Predictor\Backtesting\__init__.py", "Python", 12, 0, 0, 0, 0, 0, 0, 0, 0, 0, 0, 26, 6, 44
"d:\Users\yoonus\documents\GitHub\Stock_AI_Predictor\Backtesting\data_provider.py", "Python", 191, 0, 0, 0, 0, 0, 0, 0, 0, 0, 0, 124, 60, 375
"d:\Users\yoonus\documents\GitHub\Stock_AI_Predictor\Backtesting\evaluator.py", "Python", 255, 0, 0, 0, 0, 0, 0, 0, 0, 0, 0, 103, 59, 417
"d:\Users\yoonus\documents\GitHub\Stock_AI_Predictor\Backtesting\metrics.py", "Python", 306, 0, 0, 0, 0, 0, 0, 0, 0, 0, 0, 107, 91, 504
"d:\Users\yoonus\documents\GitHub\Stock_AI_Predictor\Backtesting\strategies.py", "Python", 267, 0, 0, 0, 0, 0, 0, 0, 0, 0, 0, 128, 98, 493
"d:\Users\yoonus\documents\GitHub\Stock_AI_Predictor\Colab\README.md", "Markdown", 0, 0, 0, 39, 0, 0, 0, 0, 0, 0, 0, 0, 16, 55
"d:\Users\yoonus\documents\GitHub\Stock_AI_Predictor\Colab\__init__.py", "Python", 0, 0, 0, 0, 0, 0, 0, 0, 0, 0, 0, 0, 1, 1
"d:\Users\yoonus\documents\GitHub\Stock_AI_Predictor\Colab\notebook.ipynb", "Jupyter", 0, 0, 0, 0, 493, 0, 0, 0, 0, 0, 0, 0, 1, 494
"d:\Users\yoonus\documents\GitHub\Stock_AI_Predictor\Colab\parameter_tester.py", "Python", 916, 0, 0, 0, 0, 0, 0, 0, 0, 0, 0, 409, 178, 1503
"d:\Users\yoonus\documents\GitHub\Stock_AI_Predictor\Colab\parameter_tester_multithreaded.py", "Python", 818, 0, 0, 0, 0, 0, 0, 0, 0, 0, 0, 363, 209, 1390
"d:\Users\yoonus\documents\GitHub\Stock_AI_Predictor\Colab\pip_pattern_miner.py", "Python", 431, 0, 0, 0, 0, 0, 0, 0, 0, 0, 0, 369, 142, 942
"d:\Users\yoonus\documents\GitHub\Stock_AI_Predictor\Config\__init__.py", "Python", 0, 0, 0, 0, 0, 0, 0, 0, 0, 0, 0, 0, 1, 1
"d:\Users\yoonus\documents\GitHub\Stock_AI_Predictor\Core\__init__.py", "Python", 0, 0, 0, 0, 0, 0, 0, 0, 0, 0, 0, 0, 1, 1
"d:\Users\yoonus\documents\GitHub\Stock_AI_Predictor\Core\engine_v2.py", "Python", 269, 0, 0, 0, 0, 0, 0, 0, 0, 0, 0, 221, 63, 553
"d:\Users\yoonus\documents\GitHub\Stock_AI_Predictor\Core\sentiment_enhanced_prediction.py", "Python", 220, 0, 0, 0, 0, 0, 0, 0, 0, 0, 0, 51, 50, 321
"d:\Users\yoonus\documents\GitHub\Stock_AI_Predictor\Data\Database\Schema\__init__.py", "Python", 0, 0, 0, 0, 0, 0, 0, 0, 0, 0, 0, 0, 1, 1
"d:\Users\yoonus\documents\GitHub\Stock_AI_Predictor\Data\Database\__init__.py", "Python", 0, 0, 0, 0, 0, 0, 0, 0, 0, 0, 0, 0, 1, 1
"d:\Users\yoonus\documents\GitHub\Stock_AI_Predictor\Data\Database\db.ipynb", "Jupyter", 0, 0, 0, 0, 491, 0, 0, 0, 0, 0, 0, 0, 1, 492
"d:\Users\yoonus\documents\GitHub\Stock_AI_Predictor\Data\Database\db.py", "Python", 444, 0, 0, 0, 0, 0, 0, 0, 0, 0, 0, 984, 104, 1532
"d:\Users\yoonus\documents\GitHub\Stock_AI_Predictor\Data\Database\db_cloud.py", "Python", 396, 0, 0, 0, 0, 0, 0, 0, 0, 0, 0, 250, 80, 726
"d:\Users\yoonus\documents\GitHub\Stock_AI_Predictor\Data\Raw\Sentiment\XAUUSD_cot_data.csv", "CSV", 0, 0, 0, 0, 0, 0, 283, 0, 0, 0, 0, 0, 1, 284
"d:\Users\yoonus\documents\GitHub\Stock_AI_Predictor\Data\Raw\Sentiment\__init__.py", "Python", 0, 0, 0, 0, 0, 0, 0, 0, 0, 0, 0, 0, 1, 1
"d:\Users\yoonus\documents\GitHub\Stock_AI_Predictor\Data\Raw\Sentiment\sentiments.json", "JSON", 0, 0, 0, 0, 0, 0, 0, 0, 0, 0, 855, 0, 1, 856
"d:\Users\yoonus\documents\GitHub\Stock_AI_Predictor\Data\Raw\Stocks\Daily\__init__.py", "Python", 0, 0, 0, 0, 0, 0, 0, 0, 0, 0, 0, 0, 1, 1
"d:\Users\yoonus\documents\GitHub\Stock_AI_Predictor\Data\Raw\Stocks\Intraday\15M\AAPL15.csv", "CSV", 0, 0, 0, 0, 0, 0, 47305, 0, 0, 0, 0, 0, 1, 47306
"d:\Users\yoonus\documents\GitHub\Stock_AI_Predictor\Data\Raw\Stocks\Intraday\15M\AMZN15.csv", "CSV", 0, 0, 0, 0, 0, 0, 47302, 0, 0, 0, 0, 0, 1, 47303
"d:\Users\yoonus\documents\GitHub\Stock_AI_Predictor\Data\Raw\Stocks\Intraday\15M\BTCUSD15.csv", "CSV", 0, 0, 0, 0, 0, 0, 196194, 0, 0, 0, 0, 0, 1, 196195
"d:\Users\yoonus\documents\GitHub\Stock_AI_Predictor\Data\Raw\Stocks\Intraday\15M\NVDA15.csv", "CSV", 0, 0, 0, 0, 0, 0, 47304, 0, 0, 0, 0, 0, 1, 47305
"d:\Users\yoonus\documents\GitHub\Stock_AI_Predictor\Data\Raw\Stocks\Intraday\15M\XAUUSD15.csv", "CSV", 0, 0, 0, 0, 0, 0, 148865, 0, 0, 0, 0, 0, 1, 148866
"d:\Users\yoonus\documents\GitHub\Stock_AI_Predictor\Data\Raw\Stocks\Intraday\15M\__init__.py", "Python", 0, 0, 0, 0, 0, 0, 0, 0, 0, 0, 0, 0, 1, 1
"d:\Users\yoonus\documents\GitHub\Stock_AI_Predictor\Data\Raw\Stocks\Intraday\60M\AAPL60.csv", "CSV", 0, 0, 0, 0, 0, 0, 12746, 0, 0, 0, 0, 0, 1, 12747
"d:\Users\yoonus\documents\GitHub\Stock_AI_Predictor\Data\Raw\Stocks\Intraday\60M\AMZN60.csv", "CSV", 0, 0, 0, 0, 0, 0, 12746, 0, 0, 0, 0, 0, 1, 12747
"d:\Users\yoonus\documents\GitHub\Stock_AI_Predictor\Data\Raw\Stocks\Intraday\60M\BTCUSD60.csv", "CSV", 0, 0, 0, 0, 0, 0, 53671, 0, 0, 0, 0, 0, 1, 53672
"d:\Users\yoonus\documents\GitHub\Stock_AI_Predictor\Data\Raw\Stocks\Intraday\60M\NVDA60.csv", "CSV", 0, 0, 0, 0, 0, 0, 12745, 0, 0, 0, 0, 0, 1, 12746
"d:\Users\yoonus\documents\GitHub\Stock_AI_Predictor\Data\Raw\Stocks\Intraday\60M\XAUUSD60.csv", "CSV", 0, 0, 0, 0, 0, 0, 37604, 0, 0, 0, 0, 0, 1, 37605
"d:\Users\yoonus\documents\GitHub\Stock_AI_Predictor\Data\Raw\Stocks\Intraday\60M\__init__.py", "Python", 0, 0, 0, 0, 0, 0, 0, 0, 0, 0, 0, 0, 1, 1
"d:\Users\yoonus\documents\GitHub\Stock_AI_Predictor\Data\Raw\Stocks\Intraday\__init__.py", "Python", 0, 0, 0, 0, 0, 0, 0, 0, 0, 0, 0, 0, 1, 1
"d:\Users\yoonus\documents\GitHub\Stock_AI_Predictor\Data\Raw\Stocks\__init__.py", "Python", 0, 0, 0, 0, 0, 0, 0, 0, 0, 0, 0, 0, 1, 1
"d:\Users\yoonus\documents\GitHub\Stock_AI_Predictor\Data\Raw\__init__.py", "Python", 0, 0, 0, 0, 0, 0, 0, 0, 0, 0, 0, 0, 1, 1
"d:\Users\yoonus\documents\GitHub\Stock_AI_Predictor\Data\Storage\__init__.py", "Python", 0, 0, 0, 0, 0, 0, 0, 0, 0, 0, 0, 0, 1, 1
"d:\Users\yoonus\documents\GitHub\Stock_AI_Predictor\Data\Storage\queries.sqlite3-query", "SQLite3 Editor Query", 0, 0, 0, 0, 0, 0, 0, 0, 0, 12, 0, 10, 9, 31
"d:\Users\yoonus\documents\GitHub\Stock_AI_Predictor\Data\Utils\Schema\DATABASE_README.md", "Markdown", 0, 0, 0, 578, 0, 0, 0, 0, 0, 0, 0, 0, 112, 690
"d:\Users\yoonus\documents\GitHub\Stock_AI_Predictor\Data\Utils\Schema\README.md", "Markdown", 0, 0, 0, 47, 0, 0, 0, 0, 0, 0, 0, 0, 22, 69
"d:\Users\yoonus\documents\GitHub\Stock_AI_Predictor\Data\Utils\Schema\__init__.py", "Python", 0, 0, 0, 0, 0, 0, 0, 0, 0, 0, 0, 0, 1, 1
"d:\Users\yoonus\documents\GitHub\Stock_AI_Predictor\Data\Utils\Schema\check_schema.py", "Python", 46, 0, 0, 0, 0, 0, 0, 0, 0, 0, 0, 9, 9, 64
"d:\Users\yoonus\documents\GitHub\Stock_AI_Predictor\Data\Utils\Schema\db_schema.json", "JSON", 0, 0, 0, 0, 0, 0, 0, 0, 0, 0, 1760, 0, 0, 1760
"d:\Users\yoonus\documents\GitHub\Stock_AI_Predictor\Data\Utils\Schema\db_schema.md", "Markdown", 0, 0, 0, 437, 0, 0, 0, 0, 0, 0, 0, 0, 86, 523
"d:\Users\yoonus\documents\GitHub\Stock_AI_Predictor\Data\Utils\__init__.py", "Python", 0, 0, 0, 0, 0, 0, 0, 0, 0, 0, 0, 0, 1, 1
"d:\Users\yoonus\documents\GitHub\Stock_AI_Predictor\Data\Utils\csv_converter.py", "Python", 7, 0, 0, 0, 0, 0, 0, 0, 0, 0, 0, 5, 5, 17
"d:\Users\yoonus\documents\GitHub\Stock_AI_Predictor\Data\Utils\get_stock_data.ipynb", "Jupyter", 0, 0, 0, 0, 1310, 0, 0, 0, 0, 0, 0, 0, 1, 1311
"d:\Users\yoonus\documents\GitHub\Stock_AI_Predictor\Data\Utils\get_stock_data.py", "Python", 51, 0, 0, 0, 0, 0, 0, 0, 0, 0, 0, 24, 15, 90
"d:\Users\yoonus\documents\GitHub\Stock_AI_Predictor\Data\Utils\mt5_stock_data.py", "Python", 240, 0, 0, 0, 0, 0, 0, 0, 0, 0, 0, 417, 46, 703
"d:\Users\yoonus\documents\GitHub\Stock_AI_Predictor\Data\__init__.py", "Python", 0, 0, 0, 0, 0, 0, 0, 0, 0, 0, 0, 0, 1, 1
"d:\Users\yoonus\documents\GitHub\Stock_AI_Predictor\Deployment\README.md", "Markdown", 0, 0, 0, 8, 0, 0, 0, 0, 0, 0, 0, 0, 2, 10
"d:\Users\yoonus\documents\GitHub\Stock_AI_Predictor\Deployment\README_HUGGINGFACE.md", "Markdown", 0, 0, 0, 85, 0, 0, 0, 0, 0, 0, 0, 0, 41, 126
"d:\Users\yoonus\documents\GitHub\Stock_AI_Predictor\Deployment\__init__.py", "Python", 0, 0, 0, 0, 0, 0, 0, 0, 0, 0, 0, 0, 1, 1
"d:\Users\yoonus\documents\GitHub\Stock_AI_Predictor\Deployment\app.py", "Python", 191, 0, 0, 0, 0, 0, 0, 0, 0, 0, 0, 50, 57, 298
"d:\Users\yoonus\documents\GitHub\Stock_AI_Predictor\Deployment\dataset_uploader.py", "Python", 136, 0, 0, 0, 0, 0, 0, 0, 0, 0, 0, 98, 52, 286
"d:\Users\yoonus\documents\GitHub\Stock_AI_Predictor\Deployment\deploy_to_huggingface.py", "Python", 157, 0, 0, 0, 0, 0, 0, 0, 0, 0, 0, 68, 46, 271
"d:\Users\yoonus\documents\GitHub\Stock_AI_Predictor\Deployment\huggingface_deployment_guide.md", "Markdown", 0, 0, 0, 42, 0, 0, 0, 0, 0, 0, 0, 0, 16, 58
"d:\Users\yoonus\documents\GitHub\Stock_AI_Predictor\Deployment\model_card.md", "Markdown", 0, 0, 0, 37, 0, 0, 0, 0, 0, 0, 0, 0, 10, 47
"d:\Users\yoonus\documents\GitHub\Stock_AI_Predictor\Deployment\parameter_tester_model.py", "Python", 117, 0, 0, 0, 0, 0, 0, 0, 0, 0, 0, 90, 44, 251
"d:\Users\yoonus\documents\GitHub\Stock_AI_Predictor\Deployment\requirements.txt", "pip requirements", 0, 0, 13, 0, 0, 0, 0, 0, 0, 0, 0, 0, 1, 14
"d:\Users\yoonus\documents\GitHub\Stock_AI_Predictor\Deployment\test_api_connection.py", "Python", 70, 0, 0, 0, 0, 0, 0, 0, 0, 0, 0, 23, 23, 116
"d:\Users\yoonus\documents\GitHub\Stock_AI_Predictor\Deployment\trading_client.py", "Python", 122, 0, 0, 0, 0, 0, 0, 0, 0, 0, 0, 94, 36, 252
"d:\Users\yoonus\documents\GitHub\Stock_AI_Predictor\Deployment\trading_rl_model.py", "Python", 108, 0, 0, 0, 0, 0, 0, 0, 0, 0, 0, 109, 46, 263
"d:\Users\yoonus\documents\GitHub\Stock_AI_Predictor\Deployment\workflow_scheduler.py", "Python", 83, 0, 0, 0, 0, 0, 0, 0, 0, 0, 0, 44, 44, 171
"d:\Users\yoonus\documents\GitHub\Stock_AI_Predictor\Experements\Backtesting\__init__.py", "Python", 0, 0, 0, 0, 0, 0, 0, 0, 0, 0, 0, 0, 1, 1
"d:\Users\yoonus\documents\GitHub\Stock_AI_Predictor\Experements\Backtesting\backtest_cli.py", "Python", 268, 0, 0, 0, 0, 0, 0, 0, 0, 0, 0, 51, 52, 371
"d:\Users\yoonus\documents\GitHub\Stock_AI_Predictor\Experements\Backtesting\backtest_config.py", "Python", 313, 0, 0, 0, 0, 0, 0, 0, 0, 0, 0, 85, 51, 449
"d:\Users\yoonus\documents\GitHub\Stock_AI_Predictor\Experements\Backtesting\backtest_v3.py", "Python", 459, 0, 0, 0, 0, 0, 0, 0, 0, 0, 0, 150, 90, 699
"d:\Users\yoonus\documents\GitHub\Stock_AI_Predictor\Experements\Backtesting\batch_tester.py", "Python", 355, 0, 0, 0, 0, 0, 0, 0, 0, 0, 0, 115, 76, 546
"d:\Users\yoonus\documents\GitHub\Stock_AI_Predictor\Experements\Backtesting\database_schema.py", "Python", 158, 0, 0, 0, 0, 0, 0, 0, 0, 0, 0, 55, 35, 248
"d:\Users\yoonus\documents\GitHub\Stock_AI_Predictor\Experements\Backtesting\db_extensions.py", "Python", 90, 0, 0, 0, 0, 0, 0, 0, 0, 0, 0, 58, 23, 171
"d:\Users\yoonus\documents\GitHub\Stock_AI_Predictor\Experements\Backtesting\notebooks\__init__.py", "Python", 0, 0, 0, 0, 0, 0, 0, 0, 0, 0, 0, 0, 1, 1
"d:\Users\yoonus\documents\GitHub\Stock_AI_Predictor\Experements\Backtesting\notebooks\batch_testing.ipynb", "Jupyter", 0, 0, 0, 0, 348, 0, 0, 0, 0, 0, 0, 0, 1, 349
"d:\Users\yoonus\documents\GitHub\Stock_AI_Predictor\Experements\Backtesting\performance_metrics.py", "Python", 396, 0, 0, 0, 0, 0, 0, 0, 0, 0, 0, 142, 64, 602
"d:\Users\yoonus\documents\GitHub\Stock_AI_Predictor\Experements\Backtesting\plot_backtest.py", "Python", 61, 0, 0, 0, 0, 0, 0, 0, 0, 0, 0, 48, 30, 139
"d:\Users\yoonus\documents\GitHub\Stock_AI_Predictor\Experements\Backtesting\reports\__init__.py", "Python", 0, 0, 0, 0, 0, 0, 0, 0, 0, 0, 0, 0, 1, 1
"d:\Users\yoonus\documents\GitHub\Stock_AI_Predictor\Experements\Backtesting\reports\backtest_stock1_tf7_random_forest_20250520_010326.html", "Django HTML", 0, 0, 0, 0, 0, 0, 0, 10867, 0, 0, 0, 0, 1088, 11955
"d:\Users\yoonus\documents\GitHub\Stock_AI_Predictor\Experements\Backtesting\run_batch_tests.py", "Python", 133, 0, 0, 0, 0, 0, 0, 0, 0, 0, 0, 22, 44, 199
"d:\Users\yoonus\documents\GitHub\Stock_AI_Predictor\Experements\Backtesting\test_recognizer.py", "Python", 239, 0, 0, 0, 0, 0, 0, 0, 0, 0, 0, 45, 65, 349
"d:\Users\yoonus\documents\GitHub\Stock_AI_Predictor\Experements\Backtesting\trade_strategies.py", "Python", 208, 0, 0, 0, 0, 0, 0, 0, 0, 0, 0, 146, 53, 407
"d:\Users\yoonus\documents\GitHub\Stock_AI_Predictor\Experements\ModelTraining\__init__.py", "Python", 0, 0, 0, 0, 0, 0, 0, 0, 0, 0, 0, 0, 1, 1
"d:\Users\yoonus\documents\GitHub\Stock_AI_Predictor\Experements\ModelTraining\lstm_regression.ipynb", "Jupyter", 0, 0, 0, 0, 449, 0, 0, 0, 0, 0, 0, 0, 1, 450
"d:\Users\yoonus\documents\GitHub\Stock_AI_Predictor\Experements\ParamTesting\Results\__init__.py", "Python", 0, 0, 0, 0, 0, 0, 0, 0, 0, 0, 0, 0, 1, 1
"d:\Users\yoonus\documents\GitHub\Stock_AI_Predictor\Experements\ParamTesting\__init__.py", "Python", 0, 0, 0, 0, 0, 0, 0, 0, 0, 0, 0, 0, 1, 1
"d:\Users\yoonus\documents\GitHub\Stock_AI_Predictor\Experements\ParamTesting\advanced_analysis.py", "Python", 1181, 0, 0, 0, 0, 0, 0, 0, 0, 0, 0, 332, 315, 1828
"d:\Users\yoonus\documents\GitHub\Stock_AI_Predictor\Experements\ParamTesting\parameter_tester.py", "Python", 916, 0, 0, 0, 0, 0, 0, 0, 0, 0, 0, 409, 178, 1503
"d:\Users\yoonus\documents\GitHub\Stock_AI_Predictor\Experements\ParamTesting\parameter_tester_multithreaded.py", "Python", 829, 0, 0, 0, 0, 0, 0, 0, 0, 0, 0, 368, 210, 1407
"d:\Users\yoonus\documents\GitHub\Stock_AI_Predictor\Experements\PatternRecognition\__init__.py", "Python", 0, 0, 0, 0, 0, 0, 0, 0, 0, 0, 0, 0, 1, 1
"d:\Users\yoonus\documents\GitHub\Stock_AI_Predictor\Experements\PatternRecognition\pattern_recognition_mse.ipynb", "Jupyter", 0, 0, 0, 0, 669, 0, 0, 0, 0, 0, 0, 0, 1, 670
"d:\Users\yoonus\documents\GitHub\Stock_AI_Predictor\Experements\PatternRecognition\pattern_recognition_techniques.ipynb", "Jupyter", 0, 0, 0, 0, 1113, 0, 0, 0, 0, 0, 0, 0, 1, 1114
"d:\Users\yoonus\documents\GitHub\Stock_AI_Predictor\Experements\TradingSimulation\__init__.py", "Python", 0, 0, 0, 0, 0, 0, 0, 0, 0, 0, 0, 0, 1, 1
"d:\Users\yoonus\documents\GitHub\Stock_AI_Predictor\Experements\TradingSimulation\trading_simulator.py", "Python", 75, 0, 0, 0, 0, 0, 0, 0, 0, 0, 0, 43, 26, 144
"d:\Users\yoonus\documents\GitHub\Stock_AI_Predictor\Experements\Utils\__init__.py", "Python", 0, 0, 0, 0, 0, 0, 0, 0, 0, 0, 0, 0, 1, 1
"d:\Users\yoonus\documents\GitHub\Stock_AI_Predictor\Experements\Utils\ev_vs_pf.py", "Python", 44, 0, 0, 0, 0, 0, 0, 0, 0, 0, 0, 9, 10, 63
"d:\Users\yoonus\documents\GitHub\Stock_AI_Predictor\Experements\Utils\min_max_cluster_test.py", "Python", 237, 0, 0, 0, 0, 0, 0, 0, 0, 0, 0, 70, 69, 376
"d:\Users\yoonus\documents\GitHub\Stock_AI_Predictor\Experements\Utils\scaling.py", "Python", 36, 0, 0, 0, 0, 0, 0, 0, 0, 0, 0, 30, 14, 80
"d:\Users\yoonus\documents\GitHub\Stock_AI_Predictor\Experements\Utils\stats.py", "Python", 76, 0, 0, 0, 0, 0, 0, 0, 0, 0, 0, 64, 25, 165
"d:\Users\yoonus\documents\GitHub\Stock_AI_Predictor\Experements\__init__.py", "Python", 0, 0, 0, 0, 0, 0, 0, 0, 0, 0, 0, 0, 1, 1
"d:\Users\yoonus\documents\GitHub\Stock_AI_Predictor\Images\Backtesting\__init__.py", "Python", 0, 0, 0, 0, 0, 0, 0, 0, 0, 0, 0, 0, 1, 1
"d:\Users\yoonus\documents\GitHub\Stock_AI_Predictor\Images\ParamTesting\AdvancedAnalysisV2\__init__.py", "Python", 0, 0, 0, 0, 0, 0, 0, 0, 0, 0, 0, 0, 1, 1
"d:\Users\yoonus\documents\GitHub\Stock_AI_Predictor\Images\ParamTesting\AdvancedAnalysis\__init__.py", "Python", 0, 0, 0, 0, 0, 0, 0, 0, 0, 0, 0, 0, 1, 1
"d:\Users\yoonus\documents\GitHub\Stock_AI_Predictor\Images\ParamTesting\__init__.py", "Python", 0, 0, 0, 0, 0, 0, 0, 0, 0, 0, 0, 0, 1, 1
"d:\Users\yoonus\documents\GitHub\Stock_AI_Predictor\Images\PatternMining\__init__.py", "Python", 0, 0, 0, 0, 0, 0, 0, 0, 0, 0, 0, 0, 1, 1
"d:\Users\yoonus\documents\GitHub\Stock_AI_Predictor\Images\PatternRecognition\__init__.py", "Python", 0, 0, 0, 0, 0, 0, 0, 0, 0, 0, 0, 0, 1, 1
"d:\Users\yoonus\documents\GitHub\Stock_AI_Predictor\Images\RL\Analysis\__init__.py", "Python", 0, 0, 0, 0, 0, 0, 0, 0, 0, 0, 0, 0, 1, 1
"d:\Users\yoonus\documents\GitHub\Stock_AI_Predictor\Images\RL\Analysis\feature_ablation.csv", "CSV", 0, 0, 0, 0, 0, 0, 11, 0, 0, 0, 0, 0, 1, 12
"d:\Users\yoonus\documents\GitHub\Stock_AI_Predictor\Images\RL\Analysis\permutation_importance.csv", "CSV", 0, 0, 0, 0, 0, 0, 32, 0, 0, 0, 0, 0, 1, 33
"d:\Users\yoonus\documents\GitHub\Stock_AI_Predictor\Images\RL\Models\__init__.py", "Python", 0, 0, 0, 0, 0, 0, 0, 0, 0, 0, 0, 0, 1, 1
"d:\Users\yoonus\documents\GitHub\Stock_AI_Predictor\Images\RL\Performance\__init__.py", "Python", 0, 0, 0, 0, 0, 0, 0, 0, 0, 0, 0, 0, 1, 1
"d:\Users\yoonus\documents\GitHub\Stock_AI_Predictor\Images\RL\RiskManagement\__init__.py", "Python", 0, 0, 0, 0, 0, 0, 0, 0, 0, 0, 0, 0, 1, 1
"d:\Users\yoonus\documents\GitHub\Stock_AI_Predictor\Images\RL\RiskManagement\stress_test_results.csv", "CSV", 0, 0, 0, 0, 0, 0, 5, 0, 0, 0, 0, 0, 1, 6
"d:\Users\yoonus\documents\GitHub\Stock_AI_Predictor\Images\RL\__init__.py", "Python", 0, 0, 0, 0, 0, 0, 0, 0, 0, 0, 0, 0, 1, 1
"d:\Users\yoonus\documents\GitHub\Stock_AI_Predictor\Images\RL\strategy\__init__.py", "Python", 0, 0, 0, 0, 0, 0, 0, 0, 0, 0, 0, 0, 1, 1
"d:\Users\yoonus\documents\GitHub\Stock_AI_Predictor\Images\RL\strategy\performance_metrics.csv", "CSV", 0, 0, 0, 0, 0, 0, 2, 0, 0, 0, 0, 0, 1, 3
"d:\Users\yoonus\documents\GitHub\Stock_AI_Predictor\Images\RL\strategy\portfolio_values.csv", "CSV", 0, 0, 0, 0, 0, 0, 1001, 0, 0, 0, 0, 0, 1, 1002
"d:\Users\yoonus\documents\GitHub\Stock_AI_Predictor\Images\RL\strategy\trades.csv", "CSV", 0, 0, 0, 0, 0, 0, 32, 0, 0, 0, 0, 0, 1, 33
"d:\Users\yoonus\documents\GitHub\Stock_AI_Predictor\Images\ReinforcementLearning\__init__.py", "Python", 0, 0, 0, 0, 0, 0, 0, 0, 0, 0, 0, 0, 1, 1
"d:\Users\yoonus\documents\GitHub\Stock_AI_Predictor\Images\Sentiment\__init__.py", "Python", 0, 0, 0, 0, 0, 0, 0, 0, 0, 0, 0, 0, 1, 1
"d:\Users\yoonus\documents\GitHub\Stock_AI_Predictor\Images\Utils\__init__.py", "Python", 0, 0, 0, 0, 0, 0, 0, 0, 0, 0, 0, 0, 1, 1
"d:\Users\yoonus\documents\GitHub\Stock_AI_Predictor\Images\__init__.py", "Python", 0, 0, 0, 0, 0, 0, 0, 0, 0, 0, 0, 0, 1, 1
"d:\Users\yoonus\documents\GitHub\Stock_AI_Predictor\Interface\__init__.py", "Python", 0, 0, 0, 0, 0, 0, 0, 0, 0, 0, 0, 0, 1, 1
"d:\Users\yoonus\documents\GitHub\Stock_AI_Predictor\Interface\cli.py", "Python", 114, 0, 0, 0, 0, 0, 0, 0, 0, 0, 0, 87, 31, 232
"d:\Users\yoonus\documents\GitHub\Stock_AI_Predictor\Interface\gui.py", "Python", 248, 0, 0, 0, 0, 0, 0, 0, 0, 0, 0, 106, 61, 415
"d:\Users\yoonus\documents\GitHub\Stock_AI_Predictor\Interface\model_manager_cli.py", "Python", 627, 0, 0, 0, 0, 0, 0, 0, 0, 0, 0, 117, 161, 905
"d:\Users\yoonus\documents\GitHub\Stock_AI_Predictor\Interface\model_manager_interactive.py", "Python", 318, 0, 0, 0, 0, 0, 0, 0, 0, 0, 0, 55, 112, 485
"d:\Users\yoonus\documents\GitHub\Stock_AI_Predictor\Interface\send_email.py", "Python", 34, 0, 0, 0, 0, 0, 0, 0, 0, 0, 0, 31, 7, 72
"d:\Users\yoonus\documents\GitHub\Stock_AI_Predictor\Lib\Backtesting\__init__.py", "Python", 24, 0, 0, 0, 0, 0, 0, 0, 0, 0, 0, 63, 4, 91
"d:\Users\yoonus\documents\GitHub\Stock_AI_Predictor\Lib\Backtesting\_plotting.py", "Python", 625, 0, 0, 0, 0, 0, 0, 0, 0, 0, 0, 44, 109, 778
"d:\Users\yoonus\documents\GitHub\Stock_AI_Predictor\Lib\Backtesting\_stats.py", "Python", 166, 0, 0, 0, 0, 0, 0, 0, 0, 0, 0, 15, 32, 213
"d:\Users\yoonus\documents\GitHub\Stock_AI_Predictor\Lib\Backtesting\_util.py", "Python", 247, 0, 0, 0, 0, 0, 0, 0, 0, 0, 0, 26, 65, 338
"d:\Users\yoonus\documents\GitHub\Stock_AI_Predictor\Lib\Backtesting\_version.py", "Python", 12, 0, 0, 0, 0, 0, 0, 0, 0, 0, 0, 2, 3, 17
"d:\Users\yoonus\documents\GitHub\Stock_AI_Predictor\Lib\Backtesting\autoscale_cb.js", "JavaScript", 0, 0, 0, 0, 0, 23, 0, 0, 0, 0, 0, 6, 7, 36
"d:\Users\yoonus\documents\GitHub\Stock_AI_Predictor\Lib\Backtesting\backtesting.py", "Python", 982, 0, 0, 0, 0, 0, 0, 0, 0, 0, 0, 689, 226, 1897
"d:\Users\yoonus\documents\GitHub\Stock_AI_Predictor\Lib\Backtesting\lib.py", "Python", 287, 0, 0, 0, 0, 0, 0, 0, 0, 0, 0, 293, 65, 645
"d:\Users\yoonus\documents\GitHub\Stock_AI_Predictor\Lib\Backtesting\smbo.py", "Python", 214, 0, 0, 0, 0, 0, 0, 0, 0, 0, 0, 26, 39, 279
"d:\Users\yoonus\documents\GitHub\Stock_AI_Predictor\Lib\Backtesting\test\BTCUSD.csv", "CSV", 0, 0, 0, 0, 0, 0, 157, 0, 0, 0, 0, 0, 1, 158
"d:\Users\yoonus\documents\GitHub\Stock_AI_Predictor\Lib\Backtesting\test\EURUSD.csv", "CSV", 0, 0, 0, 0, 0, 0, 5001, 0, 0, 0, 0, 0, 1, 5002
"d:\Users\yoonus\documents\GitHub\Stock_AI_Predictor\Lib\Backtesting\test\GOOG.csv", "CSV", 0, 0, 0, 0, 0, 0, 2149, 0, 0, 0, 0, 0, 1, 2150
"d:\Users\yoonus\documents\GitHub\Stock_AI_Predictor\Lib\Backtesting\test\__init__.py", "Python", 11, 0, 0, 0, 0, 0, 0, 0, 0, 0, 0, 7, 12, 30
"d:\Users\yoonus\documents\GitHub\Stock_AI_Predictor\Lib\Backtesting\test\__main__.py", "Python", 5, 0, 0, 0, 0, 0, 0, 0, 0, 0, 0, 0, 3, 8
"d:\Users\yoonus\documents\GitHub\Stock_AI_Predictor\Lib\Backtesting\test\_test.py", "Python", 929, 0, 0, 0, 0, 0, 0, 0, 0, 0, 0, 11, 201, 1141
"d:\Users\yoonus\documents\GitHub\Stock_AI_Predictor\Lib\__init__.py", "Python", 0, 0, 0, 0, 0, 0, 0, 0, 0, 0, 0, 0, 1, 1
"d:\Users\yoonus\documents\GitHub\Stock_AI_Predictor\NoteBook\__init__.py", "Python", 0, 0, 0, 0, 0, 0, 0, 0, 0, 0, 0, 0, 1, 1
"d:\Users\yoonus\documents\GitHub\Stock_AI_Predictor\NoteBook\engine.ipynb", "Jupyter", 0, 0, 0, 0, 740, 0, 0, 0, 0, 0, 0, 0, 1, 741
"d:\Users\yoonus\documents\GitHub\Stock_AI_Predictor\NoteBook\huggingface_kaggle_integration.ipynb", "Jupyter", 0, 0, 0, 0, 401, 0, 0, 0, 0, 0, 0, 0, 1, 402
"d:\Users\yoonus\documents\GitHub\Stock_AI_Predictor\NoteBook\main.ipynb", "Jupyter", 0, 0, 0, 0, 229, 0, 0, 0, 0, 0, 0, 0, 1, 230
"d:\Users\yoonus\documents\GitHub\Stock_AI_Predictor\Pattern\Utils\__init__.py", "Python", 2, 0, 0, 0, 0, 0, 0, 0, 0, 0, 0, 6, 3, 11
"d:\Users\yoonus\documents\GitHub\Stock_AI_Predictor\Pattern\Utils\example_usage.py", "Python", 42, 0, 0, 0, 0, 0, 0, 0, 0, 0, 0, 12, 16, 70
"d:\Users\yoonus\documents\GitHub\Stock_AI_Predictor\Pattern\Utils\multi_config_recognizer.py", "Python", 313, 0, 0, 0, 0, 0, 0, 0, 0, 0, 0, 244, 108, 665
"d:\Users\yoonus\documents\GitHub\Stock_AI_Predictor\Pattern\Utils\pattern_analyzer_cli.py", "Python", 168, 0, 0, 0, 0, 0, 0, 0, 0, 0, 0, 116, 59, 343
"d:\Users\yoonus\documents\GitHub\Stock_AI_Predictor\Pattern\Utils\pattern_dashboard.py", "Python", 336, 0, 0, 0, 0, 0, 0, 0, 0, 0, 0, 93, 93, 522
"d:\Users\yoonus\documents\GitHub\Stock_AI_Predictor\Pattern\Utils\pattern_visualizer.py", "Python", 730, 0, 0, 0, 0, 0, 0, 0, 0, 0, 0, 420, 169, 1319
"d:\Users\yoonus\documents\GitHub\Stock_AI_Predictor\Pattern\__init__.py", "Python", 0, 0, 0, 0, 0, 0, 0, 0, 0, 0, 0, 0, 1, 1
"d:\Users\yoonus\documents\GitHub\Stock_AI_Predictor\Pattern\cluster_benchmarking.py", "Python", 204, 0, 0, 0, 0, 0, 0, 0, 0, 0, 0, 161, 75, 440
"d:\Users\yoonus\documents\GitHub\Stock_AI_Predictor\Pattern\cluster_visualization.py", "Python", 829, 0, 0, 0, 0, 0, 0, 0, 0, 0, 0, 350, 239, 1418
"d:\Users\yoonus\documents\GitHub\Stock_AI_Predictor\Pattern\enhanced_direct_formula.py", "Python", 334, 0, 0, 0, 0, 0, 0, 0, 0, 0, 0, 193, 108, 635
"d:\Users\yoonus\documents\GitHub\Stock_AI_Predictor\Pattern\pattern.ipynb", "Jupyter", 0, 0, 0, 0, 590, 0, 0, 0, 0, 0, 0, 0, 1, 591
"d:\Users\yoonus\documents\GitHub\Stock_AI_Predictor\Pattern\pattern_cluster_ratio_analyzer.py", "Python", 540, 0, 0, 0, 0, 0, 0, 0, 0, 0, 0, 201, 135, 876
"d:\Users\yoonus\documents\GitHub\Stock_AI_Predictor\Pattern\perceptually_important.py", "Python", 48, 0, 0, 0, 0, 0, 0, 0, 0, 0, 0, 17, 25, 90
"d:\Users\yoonus\documents\GitHub\Stock_AI_Predictor\Pattern\pip_pattern_miner.py", "Python", 306, 0, 0, 0, 0, 0, 0, 0, 0, 0, 0, 296, 107, 709
"d:\Users\yoonus\documents\GitHub\Stock_AI_Predictor\Pattern\pip_pattern_miner_v2.py", "Python", 634, 0, 0, 0, 0, 0, 0, 0, 0, 0, 0, 386, 175, 1195
"d:\Users\yoonus\documents\GitHub\Stock_AI_Predictor\README.md", "Markdown", 0, 0, 0, 189, 0, 0, 0, 0, 0, 0, 0, 0, 64, 253
"d:\Users\yoonus\documents\GitHub\Stock_AI_Predictor\RLTradingStrategy_model-,observation_manager-,max_positions-5,enable_short-True,enable_hedging-True,position_sizing-fixed_.html", "Django HTML", 0, 0, 0, 0, 0, 0, 0, 60, 0, 0, 0, 0, 1, 61
"d:\Users\yoonus\documents\GitHub\Stock_AI_Predictor\RL\Agents\__init__.py", "Python", 0, 0, 0, 0, 0, 0, 0, 0, 0, 0, 0, 0, 1, 1
"d:\Users\yoonus\documents\GitHub\Stock_AI_Predictor\RL\Agents\policy.py", "Python", 46, 0, 0, 0, 0, 0, 0, 0, 0, 0, 0, 17, 11, 74
"d:\Users\yoonus\documents\GitHub\Stock_AI_Predictor\RL\Analysis\Analysis\__init__.py", "Python", 0, 0, 0, 0, 0, 0, 0, 0, 0, 0, 0, 0, 1, 1
"d:\Users\yoonus\documents\GitHub\Stock_AI_Predictor\RL\Analysis\Evaluate\__init__.py", "Python", 0, 0, 0, 0, 0, 0, 0, 0, 0, 0, 0, 0, 1, 1
"d:\Users\yoonus\documents\GitHub\Stock_AI_Predictor\RL\Analysis\Evaluate\evaluate_model.py", "Python", 216, 0, 0, 0, 0, 0, 0, 0, 0, 0, 0, 67, 62, 345
"d:\Users\yoonus\documents\GitHub\Stock_AI_Predictor\RL\Analysis\Evaluate\test_risk_management.py", "Python", 190, 0, 0, 0, 0, 0, 0, 0, 0, 0, 0, 57, 53, 300
"d:\Users\yoonus\documents\GitHub\Stock_AI_Predictor\RL\Analysis\Monitor\__init__.py", "Python", 0, 0, 0, 0, 0, 0, 0, 0, 0, 0, 0, 0, 1, 1
"d:\Users\yoonus\documents\GitHub\Stock_AI_Predictor\RL\Analysis\Monitor\monitor_decision_boundaries.py", "Python", 341, 0, 0, 0, 0, 0, 0, 0, 0, 0, 0, 135, 100, 576
"d:\Users\yoonus\documents\GitHub\Stock_AI_Predictor\RL\Analysis\Monitor\monitor_feature_importance.py", "Python", 247, 0, 0, 0, 0, 0, 0, 0, 0, 0, 0, 180, 106, 533
"d:\Users\yoonus\documents\GitHub\Stock_AI_Predictor\RL\Analysis\Monitor\monitor_performance_metrics.py", "Python", 348, 0, 0, 0, 0, 0, 0, 0, 0, 0, 0, 114, 99, 561
"d:\Users\yoonus\documents\GitHub\Stock_AI_Predictor\RL\Analysis\Monitor\monitor_trading_strategy.py", "Python", 475, 0, 0, 0, 0, 0, 0, 0, 0, 0, 0, 150, 124, 749
"d:\Users\yoonus\documents\GitHub\Stock_AI_Predictor\RL\Analysis\Monitor\monitoring_dashboard.py", "Python", 490, 0, 0, 0, 0, 0, 0, 0, 0, 0, 0, 131, 163, 784
"d:\Users\yoonus\documents\GitHub\Stock_AI_Predictor\RL\Analysis\Monitor\view_tensorboard.py", "Python", 44, 0, 0, 0, 0, 0, 0, 0, 0, 0, 0, 10, 9, 63
"d:\Users\yoonus\documents\GitHub\Stock_AI_Predictor\RL\Analysis\README_MONITORING.md", "Markdown", 0, 0, 0, 95, 0, 0, 0, 0, 0, 0, 0, 0, 43, 138
"d:\Users\yoonus\documents\GitHub\Stock_AI_Predictor\RL\Analysis\Reports\__init__.py", "Python", 0, 0, 0, 0, 0, 0, 0, 0, 0, 0, 0, 0, 1, 1
"d:\Users\yoonus\documents\GitHub\Stock_AI_Predictor\RL\Analysis\Reports\dashboard\__init__.py", "Python", 0, 0, 0, 0, 0, 0, 0, 0, 0, 0, 0, 0, 1, 1
"d:\Users\yoonus\documents\GitHub\Stock_AI_Predictor\RL\Analysis\Reports\dashboard\dashboard.html", "Django HTML", 0, 0, 0, 0, 0, 0, 0, 57, 0, 0, 0, 0, 4, 61
"d:\Users\yoonus\documents\GitHub\Stock_AI_Predictor\RL\Analysis\__init__.py", "Python", 0, 0, 0, 0, 0, 0, 0, 0, 0, 0, 0, 0, 1, 1
"d:\Users\yoonus\documents\GitHub\Stock_AI_Predictor\RL\Analysis\experiment_analyzer.py", "Python", 278, 0, 0, 0, 0, 0, 0, 0, 0, 0, 0, 148, 66, 492
"d:\Users\yoonus\documents\GitHub\Stock_AI_Predictor\RL\Data\Storage\__init__.py", "Python", 0, 0, 0, 0, 0, 0, 0, 0, 0, 0, 0, 0, 1, 1
"d:\Users\yoonus\documents\GitHub\Stock_AI_Predictor\RL\Data\Storage\data_samples_output.csv", "CSV", 0, 0, 0, 0, 0, 0, 5840, 0, 0, 0, 0, 0, 1, 5841
"d:\Users\yoonus\documents\GitHub\Stock_AI_Predictor\RL\Data\Utils\__init__.py", "Python", 0, 0, 0, 0, 0, 0, 0, 0, 0, 0, 0, 0, 1, 1
"d:\Users\yoonus\documents\GitHub\Stock_AI_Predictor\RL\Data\Utils\loader.py", "Python", 23, 0, 0, 0, 0, 0, 0, 0, 0, 0, 0, 14, 10, 47
"d:\Users\yoonus\documents\GitHub\Stock_AI_Predictor\RL\Data\Utils\preprocessor.py", "Python", 197, 0, 0, 0, 0, 0, 0, 0, 0, 0, 0, 125, 58, 380
"d:\Users\yoonus\documents\GitHub\Stock_AI_Predictor\RL\Data\__init__.py", "Python", 0, 0, 0, 0, 0, 0, 0, 0, 0, 0, 0, 0, 1, 1
"d:\Users\yoonus\documents\GitHub\Stock_AI_Predictor\RL\Envs\Components\__init__.py", "Python", 0, 0, 0, 0, 0, 0, 0, 0, 0, 0, 0, 0, 1, 1
"d:\Users\yoonus\documents\GitHub\Stock_AI_Predictor\RL\Envs\Components\actions.py", "Python", 79, 0, 0, 0, 0, 0, 0, 0, 0, 0, 0, 71, 15, 165
"d:\Users\yoonus\documents\GitHub\Stock_AI_Predictor\RL\Envs\Components\callbacks.py", "Python", 512, 0, 0, 0, 0, 0, 0, 0, 0, 0, 0, 165, 112, 789
"d:\Users\yoonus\documents\GitHub\Stock_AI_Predictor\RL\Envs\Components\observation_normalizer.py", "Python", 90, 0, 0, 0, 0, 0, 0, 0, 0, 0, 0, 57, 33, 180
"d:\Users\yoonus\documents\GitHub\Stock_AI_Predictor\RL\Envs\Components\observations.py", "Python", 139, 0, 0, 0, 0, 0, 0, 0, 0, 0, 0, 85, 29, 253
"d:\Users\yoonus\documents\GitHub\Stock_AI_Predictor\RL\Envs\Components\rewards.py", "Python", 128, 0, 0, 0, 0, 0, 0, 0, 0, 0, 0, 78, 38, 244
"d:\Users\yoonus\documents\GitHub\Stock_AI_Predictor\RL\Envs\Utils\__init__.py", "Python", 0, 0, 0, 0, 0, 0, 0, 0, 0, 0, 0, 0, 1, 1
"d:\Users\yoonus\documents\GitHub\Stock_AI_Predictor\RL\Envs\Utils\check_environment.py", "Python", 155, 0, 0, 0, 0, 0, 0, 0, 0, 0, 0, 30, 33, 218
"d:\Users\yoonus\documents\GitHub\Stock_AI_Predictor\RL\Envs\Utils\test_env_with_data.py", "Python", 46, 0, 0, 0, 0, 0, 0, 0, 0, 0, 0, 9, 15, 70
"d:\Users\yoonus\documents\GitHub\Stock_AI_Predictor\RL\Envs\__init__.py", "Python", 0, 0, 0, 0, 0, 0, 0, 0, 0, 0, 0, 0, 1, 1
"d:\Users\yoonus\documents\GitHub\Stock_AI_Predictor\RL\Envs\meta_environment.py", "Python", 138, 0, 0, 0, 0, 0, 0, 0, 0, 0, 0, 90, 46, 274
"d:\Users\yoonus\documents\GitHub\Stock_AI_Predictor\RL\Envs\trading_env.py", "Python", 339, 0, 0, 0, 0, 0, 0, 0, 0, 0, 0, 122, 64, 525
"d:\Users\yoonus\documents\GitHub\Stock_AI_Predictor\RL\Mlflow\__init__.py", "Python", 0, 0, 0, 0, 0, 0, 0, 0, 0, 0, 0, 0, 1, 1
"d:\Users\yoonus\documents\GitHub\Stock_AI_Predictor\RL\Mlflow\meta_model.py", "Python", 139, 0, 0, 0, 0, 0, 0, 0, 0, 0, 0, 73, 41, 253
"d:\Users\yoonus\documents\GitHub\Stock_AI_Predictor\RL\Mlflow\mlflow_callback.py", "Python", 1050, 0, 0, 0, 0, 0, 0, 0, 0, 0, 0, 232, 232, 1514
"d:\Users\yoonus\documents\GitHub\Stock_AI_Predictor\RL\Mlflow\mlflow_manager.py", "Python", 627, 0, 0, 0, 0, 0, 0, 0, 0, 0, 0, 332, 160, 1119
"d:\Users\yoonus\documents\GitHub\Stock_AI_Predictor\RL\Mlflow\mlflow_manager_docs_update.md", "Markdown", 0, 0, 0, 91, 0, 0, 0, 0, 0, 0, 0, 0, 26, 117
"d:\Users\yoonus\documents\GitHub\Stock_AI_Predictor\RL\NoteBooks\__init__.py", "Python", 0, 0, 0, 0, 0, 0, 0, 0, 0, 0, 0, 0, 1, 1
"d:\Users\yoonus\documents\GitHub\Stock_AI_Predictor\RL\NoteBooks\data_exploration.ipynb", "Jupyter", 0, 0, 0, 0, 2518, 0, 0, 0, 0, 0, 0, 0, 1, 2519
"d:\Users\yoonus\documents\GitHub\Stock_AI_Predictor\RL\NoteBooks\kaggle_colab_training.ipynb", "Jupyter", 0, 0, 0, 0, 1069, 0, 0, 0, 0, 0, 0, 0, 1, 1070
"d:\Users\yoonus\documents\GitHub\Stock_AI_Predictor\RL\README.md", "Markdown", 0, 0, 0, 189, 0, 0, 0, 0, 0, 0, 0, 0, 76, 265
"d:\Users\yoonus\documents\GitHub\Stock_AI_Predictor\RL\Scripts\Kaggle\__init__.py", "Python", 0, 0, 0, 0, 0, 0, 0, 0, 0, 0, 0, 0, 1, 1
"d:\Users\yoonus\documents\GitHub\Stock_AI_Predictor\RL\Scripts\Kaggle\kaggle_setup.py", "Python", 128, 0, 0, 0, 0, 0, 0, 0, 0, 0, 0, 29, 36, 193
"d:\Users\yoonus\documents\GitHub\Stock_AI_Predictor\RL\Scripts\Management\README.md", "Markdown", 0, 0, 0, 0, 0, 0, 0, 0, 0, 0, 0, 0, 1, 1
"d:\Users\yoonus\documents\GitHub\Stock_AI_Predictor\RL\Scripts\Management\__init__.py", "Python", 0, 0, 0, 0, 0, 0, 0, 0, 0, 0, 0, 0, 1, 1
"d:\Users\yoonus\documents\GitHub\Stock_AI_Predictor\RL\Scripts\Management\model_manager_cli.py", "Python", 0, 0, 0, 0, 0, 0, 0, 0, 0, 0, 0, 0, 1, 1
"d:\Users\yoonus\documents\GitHub\Stock_AI_Predictor\RL\Scripts\Management\model_manager_interactive.py", "Python", 0, 0, 0, 0, 0, 0, 0, 0, 0, 0, 0, 0, 1, 1
"d:\Users\yoonus\documents\GitHub\Stock_AI_Predictor\RL\Scripts\Preprocess\__init__.py", "Python", 0, 0, 0, 0, 0, 0, 0, 0, 0, 0, 0, 0, 1, 1
"d:\Users\yoonus\documents\GitHub\Stock_AI_Predictor\RL\Scripts\Preprocess\data_preparation.py", "Python", 157, 0, 0, 0, 0, 0, 0, 0, 0, 0, 0, 59, 39, 255
"d:\Users\yoonus\documents\GitHub\Stock_AI_Predictor\RL\Scripts\Train\__init__.py", "Python", 0, 0, 0, 0, 0, 0, 0, 0, 0, 0, 0, 0, 1, 1
"d:\Users\yoonus\documents\GitHub\Stock_AI_Predictor\RL\Scripts\Train\train_timeframe_model.py", "Python", 0, 0, 0, 0, 0, 0, 0, 0, 0, 0, 0, 0, 1, 1
"d:\Users\yoonus\documents\GitHub\Stock_AI_Predictor\RL\Scripts\__init__.py", "Python", 0, 0, 0, 0, 0, 0, 0, 0, 0, 0, 0, 0, 1, 1
"d:\Users\yoonus\documents\GitHub\Stock_AI_Predictor\RL\Scripts\promote_model.py", "Python", 78, 0, 0, 0, 0, 0, 0, 0, 0, 0, 0, 28, 25, 131
"d:\Users\yoonus\documents\GitHub\Stock_AI_Predictor\RL\Scripts\promote_models.py", "Python", 134, 0, 0, 0, 0, 0, 0, 0, 0, 0, 0, 246, 20, 400
"d:\Users\yoonus\documents\GitHub\Stock_AI_Predictor\RL\Scripts\run_training_pipeline.py", "Python", 130, 0, 0, 0, 0, 0, 0, 0, 0, 0, 0, 39, 35, 204
"d:\Users\yoonus\documents\GitHub\Stock_AI_Predictor\RL\Scripts\start_mlflow_ui.py", "Python", 23, 0, 0, 0, 0, 0, 0, 0, 0, 0, 0, 15, 11, 49
"d:\Users\yoonus\documents\GitHub\Stock_AI_Predictor\RL\Tests\__init__.py", "Python", 0, 0, 0, 0, 0, 0, 0, 0, 0, 0, 0, 0, 1, 1
"d:\Users\yoonus\documents\GitHub\Stock_AI_Predictor\RL\Train\__init__.py", "Python", 0, 0, 0, 0, 0, 0, 0, 0, 0, 0, 0, 0, 1, 1
"d:\Users\yoonus\documents\GitHub\Stock_AI_Predictor\RL\Train\live_training_dashboard.py", "Python", 287, 0, 0, 0, 0, 0, 0, 0, 0, 0, 0, 92, 79, 458
"d:\Users\yoonus\documents\GitHub\Stock_AI_Predictor\RL\Train\train_compare_rewards.py", "Python", 167, 0, 0, 0, 0, 0, 0, 0, 0, 0, 0, 35, 43, 245
"d:\Users\yoonus\documents\GitHub\Stock_AI_Predictor\RL\Train\train_meta_model.py", "Python", 210, 0, 0, 0, 0, 0, 0, 0, 0, 0, 0, 60, 51, 321
"d:\Users\yoonus\documents\GitHub\Stock_AI_Predictor\RL\Train\train_timeframe_model.py", "Python", 489, 0, 0, 0, 0, 0, 0, 0, 0, 0, 0, 104, 84, 677
"d:\Users\yoonus\documents\GitHub\Stock_AI_Predictor\RL\Train\train_with_monitoring.py", "Python", 462, 0, 0, 0, 0, 0, 0, 0, 0, 0, 0, 143, 120, 725
"d:\Users\yoonus\documents\GitHub\Stock_AI_Predictor\RL\Utils\__init__.py", "Python", 0, 0, 0, 0, 0, 0, 0, 0, 0, 0, 0, 0, 1, 1
"d:\Users\yoonus\documents\GitHub\Stock_AI_Predictor\RL\Utils\mlflow_manager.py", "Python", 0, 0, 0, 0, 0, 0, 0, 0, 0, 0, 0, 0, 1, 1
"d:\Users\yoonus\documents\GitHub\Stock_AI_Predictor\RL\__init__.py", "Python", 0, 0, 0, 0, 0, 0, 0, 0, 0, 0, 0, 0, 1, 1
"d:\Users\yoonus\documents\GitHub\Stock_AI_Predictor\RL\docs\README_model_promotion.md", "Markdown", 0, 0, 0, 54, 0, 0, 0, 0, 0, 0, 0, 0, 32, 86
"d:\Users\yoonus\documents\GitHub\Stock_AI_Predictor\RL\docs\__init__.py", "Python", 0, 0, 0, 0, 0, 0, 0, 0, 0, 0, 0, 0, 1, 1
"d:\Users\yoonus\documents\GitHub\Stock_AI_Predictor\RL\docs\cloud_training_guide.md", "Markdown", 0, 0, 0, 133, 0, 0, 0, 0, 0, 0, 0, 0, 51, 184
"d:\Users\yoonus\documents\GitHub\Stock_AI_Predictor\Sentiment\API\TwitterAPI_Sentiment.py", "Python", 578, 0, 0, 0, 0, 0, 0, 0, 0, 0, 0, 284, 162, 1024
"d:\Users\yoonus\documents\GitHub\Stock_AI_Predictor\Sentiment\API\__init__.py", "Python", 0, 0, 0, 0, 0, 0, 0, 0, 0, 0, 0, 0, 1, 1
"d:\Users\yoonus\documents\GitHub\Stock_AI_Predictor\Sentiment\API\alphavantage_api.py", "Python", 215, 0, 0, 0, 0, 0, 0, 0, 0, 0, 0, 47, 41, 303
"d:\Users\yoonus\documents\GitHub\Stock_AI_Predictor\Sentiment\API\cot_API.py", "Python", 44, 0, 0, 0, 0, 0, 0, 0, 0, 0, 0, 13, 7, 64
"d:\Users\yoonus\documents\GitHub\Stock_AI_Predictor\Sentiment\Analysis\__init__.py", "Python", 0, 0, 0, 0, 0, 0, 0, 0, 0, 0, 0, 0, 1, 1
"d:\Users\yoonus\documents\GitHub\Stock_AI_Predictor\Sentiment\Cot\__init__.py", "Python", 0, 0, 0, 0, 0, 0, 0, 0, 0, 0, 0, 0, 1, 1
"d:\Users\yoonus\documents\GitHub\Stock_AI_Predictor\Sentiment\Models\__init__.py", "Python", 0, 0, 0, 0, 0, 0, 0, 0, 0, 0, 0, 0, 1, 1
"d:\Users\yoonus\documents\GitHub\Stock_AI_Predictor\Sentiment\NoteBooks\AlphaVantage.ipynb", "Jupyter", 0, 0, 0, 0, 3053, 0, 0, 0, 0, 0, 0, 0, 1, 3054
"d:\Users\yoonus\documents\GitHub\Stock_AI_Predictor\Sentiment\NoteBooks\Sentiment.ipynb", "Jupyter", 0, 0, 0, 0, 92959, 0, 0, 0, 0, 0, 0, 0, 1, 92960
"d:\Users\yoonus\documents\GitHub\Stock_AI_Predictor\Sentiment\NoteBooks\TwitterAPI_Sentiment.ipynb", "Jupyter", 0, 0, 0, 0, 1155, 0, 0, 0, 0, 0, 0, 0, 1, 1156
"d:\Users\yoonus\documents\GitHub\Stock_AI_Predictor\Sentiment\NoteBooks\Twitter_Sentiment.ipynb", "Jupyter", 0, 0, 0, 0, 420, 0, 0, 0, 0, 0, 0, 0, 1, 421
"d:\Users\yoonus\documents\GitHub\Stock_AI_Predictor\Sentiment\NoteBooks\__init__.py", "Python", 0, 0, 0, 0, 0, 0, 0, 0, 0, 0, 0, 0, 1, 1
"d:\Users\yoonus\documents\GitHub\Stock_AI_Predictor\Sentiment\NoteBooks\cot.ipynb", "Jupyter", 0, 0, 0, 0, 850, 0, 0, 0, 0, 0, 0, 0, 1, 851
"d:\Users\yoonus\documents\GitHub\Stock_AI_Predictor\Sentiment\NoteBooks\main.ipynb", "Jupyter", 0, 0, 0, 0, 410, 0, 0, 0, 0, 0, 0, 0, 1, 411
"d:\Users\yoonus\documents\GitHub\Stock_AI_Predictor\Sentiment\Utils\SavingJSON.py", "Python", 51, 0, 0, 0, 0, 0, 0, 0, 0, 0, 0, 10, 14, 75
"d:\Users\yoonus\documents\GitHub\Stock_AI_Predictor\Sentiment\Utils\__init__.py", "Python", 0, 0, 0, 0, 0, 0, 0, 0, 0, 0, 0, 0, 1, 1
"d:\Users\yoonus\documents\GitHub\Stock_AI_Predictor\Sentiment\Utils\creating_sentiment_return_curr.py", "Python", 23, 0, 0, 0, 0, 0, 0, 0, 0, 0, 0, 9, 11, 43
"d:\Users\yoonus\documents\GitHub\Stock_AI_Predictor\Sentiment\Utils\tweetsToISOFormat.py", "Python", 42, 0, 0, 0, 0, 0, 0, 0, 0, 0, 0, 64, 15, 121
"d:\Users\yoonus\documents\GitHub\Stock_AI_Predictor\Sentiment\__init__.py", "Python", 0, 0, 0, 0, 0, 0, 0, 0, 0, 0, 0, 0, 1, 1
"d:\Users\yoonus\documents\GitHub\Stock_AI_Predictor\Tests\Fixtures\__init__.py", "Python", 0, 0, 0, 0, 0, 0, 0, 0, 0, 0, 0, 0, 1, 1
"d:\Users\yoonus\documents\GitHub\Stock_AI_Predictor\Tests\Integration\__init__.py", "Python", 0, 0, 0, 0, 0, 0, 0, 0, 0, 0, 0, 0, 1, 1
"d:\Users\yoonus\documents\GitHub\Stock_AI_Predictor\Tests\Unit\__init__.py", "Python", 0, 0, 0, 0, 0, 0, 0, 0, 0, 0, 0, 0, 1, 1
"d:\Users\yoonus\documents\GitHub\Stock_AI_Predictor\Tests\Unit\test_parameter_tester_inmemory.py", "Python", 601, 0, 0, 0, 0, 0, 0, 0, 0, 0, 0, 129, 151, 881
"d:\Users\yoonus\documents\GitHub\Stock_AI_Predictor\Tests\__init__.py", "Python", 0, 0, 0, 0, 0, 0, 0, 0, 0, 0, 0, 0, 1, 1
"d:\Users\yoonus\documents\GitHub\Stock_AI_Predictor\Tests\reports\__init__.py", "Python", 0, 0, 0, 0, 0, 0, 0, 0, 0, 0, 0, 0, 1, 1
"d:\Users\yoonus\documents\GitHub\Stock_AI_Predictor\Utils\__init__.py", "Python", 0, 0, 0, 0, 0, 0, 0, 0, 0, 0, 0, 0, 1, 1
"d:\Users\yoonus\documents\GitHub\Stock_AI_Predictor\Utils\integrated_trading.py", "Python", 672, 0, 0, 0, 0, 0, 0, 0, 0, 0, 0, 166, 161, 999
"d:\Users\yoonus\documents\GitHub\Stock_AI_Predictor\Utils\line_profiler_v2.py", "Python", 21, 0, 0, 0, 0, 0, 0, 0, 0, 0, 0, 6, 7, 34
"d:\Users\yoonus\documents\GitHub\Stock_AI_Predictor\Utils\req_generator.py", "Python", 4, 0, 0, 0, 0, 0, 0, 0, 0, 0, 0, 2, 3, 9
"d:\Users\yoonus\documents\GitHub\Stock_AI_Predictor\__init__.py", "Python", 0, 0, 0, 0, 0, 0, 0, 0, 0, 0, 0, 0, 1, 1
"d:\Users\yoonus\documents\GitHub\Stock_AI_Predictor\__main__.py", "Python", 23, 0, 0, 0, 0, 0, 0, 0, 0, 0, 0, 1, 5, 29
"d:\Users\yoonus\documents\GitHub\Stock_AI_Predictor\build\__init__.py", "Python", 0, 0, 0, 0, 0, 0, 0, 0, 0, 0, 0, 0, 1, 1
"d:\Users\yoonus\documents\GitHub\Stock_AI_Predictor\build\bdist.win-amd64\__init__.py", "Python", 0, 0, 0, 0, 0, 0, 0, 0, 0, 0, 0, 0, 1, 1
"d:\Users\yoonus\documents\GitHub\Stock_AI_Predictor\build\lib\Data\__init__.py", "Python", 0, 0, 0, 0, 0, 0, 0, 0, 0, 0, 0, 0, 1, 1
"d:\Users\yoonus\documents\GitHub\Stock_AI_Predictor\build\lib\Experements\__init__.py", "Python", 0, 0, 0, 0, 0, 0, 0, 0, 0, 0, 0, 0, 1, 1
"d:\Users\yoonus\documents\GitHub\Stock_AI_Predictor\build\lib\Pattern\__init__.py", "Python", 0, 0, 0, 0, 0, 0, 0, 0, 0, 0, 0, 0, 1, 1
"d:\Users\yoonus\documents\GitHub\Stock_AI_Predictor\build\lib\Pattern\cluster_benchmarking.py", "Python", 204, 0, 0, 0, 0, 0, 0, 0, 0, 0, 0, 161, 75, 440
"d:\Users\yoonus\documents\GitHub\Stock_AI_Predictor\build\lib\Pattern\cluster_visualization.py", "Python", 829, 0, 0, 0, 0, 0, 0, 0, 0, 0, 0, 350, 239, 1418
"d:\Users\yoonus\documents\GitHub\Stock_AI_Predictor\build\lib\Pattern\enhanced_direct_formula.py", "Python", 334, 0, 0, 0, 0, 0, 0, 0, 0, 0, 0, 193, 108, 635
"d:\Users\yoonus\documents\GitHub\Stock_AI_Predictor\build\lib\Pattern\pattern_cluster_ratio_analyzer.py", "Python", 540, 0, 0, 0, 0, 0, 0, 0, 0, 0, 0, 201, 135, 876
"d:\Users\yoonus\documents\GitHub\Stock_AI_Predictor\build\lib\Pattern\perceptually_important.py", "Python", 48, 0, 0, 0, 0, 0, 0, 0, 0, 0, 0, 17, 25, 90
"d:\Users\yoonus\documents\GitHub\Stock_AI_Predictor\build\lib\Pattern\pip_pattern_miner.py", "Python", 306, 0, 0, 0, 0, 0, 0, 0, 0, 0, 0, 296, 107, 709
"d:\Users\yoonus\documents\GitHub\Stock_AI_Predictor\build\lib\Pattern\pip_pattern_miner_v2.py", "Python", 634, 0, 0, 0, 0, 0, 0, 0, 0, 0, 0, 386, 175, 1195
"d:\Users\yoonus\documents\GitHub\Stock_AI_Predictor\build\lib\RL\__init__.py", "Python", 0, 0, 0, 0, 0, 0, 0, 0, 0, 0, 0, 0, 1, 1
"d:\Users\yoonus\documents\GitHub\Stock_AI_Predictor\build\lib\Sentiment\__init__.py", "Python", 0, 0, 0, 0, 0, 0, 0, 0, 0, 0, 0, 0, 1, 1
"d:\Users\yoonus\documents\GitHub\Stock_AI_Predictor\build\lib\Utils\__init__.py", "Python", 0, 0, 0, 0, 0, 0, 0, 0, 0, 0, 0, 0, 1, 1
"d:\Users\yoonus\documents\GitHub\Stock_AI_Predictor\build\lib\Utils\integrated_trading.py", "Python", 672, 0, 0, 0, 0, 0, 0, 0, 0, 0, 0, 166, 161, 999
"d:\Users\yoonus\documents\GitHub\Stock_AI_Predictor\build\lib\Utils\req_generator.py", "Python", 4, 0, 0, 0, 0, 0, 0, 0, 0, 0, 0, 2, 3, 9
"d:\Users\yoonus\documents\GitHub\Stock_AI_Predictor\build\lib\__init__.py", "Python", 0, 0, 0, 0, 0, 0, 0, 0, 0, 0, 0, 0, 1, 1
"d:\Users\yoonus\documents\GitHub\Stock_AI_Predictor\config.py", "Python", 7, 0, 0, 0, 0, 0, 0, 0, 0, 0, 0, 6, 5, 18
"d:\Users\yoonus\documents\GitHub\Stock_AI_Predictor\docs\RL_Environment_Specifications.md", "Markdown", 0, 0, 0, 227, 0, 0, 0, 0, 0, 0, 0, 0, 67, 294
"d:\Users\yoonus\documents\GitHub\Stock_AI_Predictor\docs\__init__.py", "Python", 0, 0, 0, 0, 0, 0, 0, 0, 0, 0, 0, 0, 1, 1
"d:\Users\yoonus\documents\GitHub\Stock_AI_Predictor\docs\continuous_metrics_tracking.md", "Markdown", 0, 0, 0, 69, 0, 0, 0, 0, 0, 0, 0, 0, 27, 96
"d:\Users\yoonus\documents\GitHub\Stock_AI_Predictor\docs\enhanced_probability_score.md", "Markdown", 0, 0, 0, 115, 0, 0, 0, 0, 0, 0, 0, 0, 38, 153
"d:\Users\yoonus\documents\GitHub\Stock_AI_Predictor\docs\gold_parameter_optimization_report.md", "Markdown", 0, 0, 0, 169, 0, 0, 0, 0, 0, 0, 0, 0, 58, 227
"d:\Users\yoonus\documents\GitHub\Stock_AI_Predictor\docs\hold_period_implementation_guide.md", "Markdown", 0, 0, 0, 171, 0, 0, 0, 0, 0, 0, 0, 0, 64, 235
"d:\Users\yoonus\documents\GitHub\Stock_AI_Predictor\docs\hold_period_optimization.md", "Markdown", 0, 0, 0, 123, 0, 0, 0, 0, 0, 0, 0, 0, 60, 183
"d:\Users\yoonus\documents\GitHub\Stock_AI_Predictor\docs\model_tagging_system.md", "Markdown", 0, 0, 0, 138, 0, 0, 0, 0, 0, 0, 0, 0, 57, 195
"d:\Users\yoonus\documents\GitHub\Stock_AI_Predictor\packagize.py", "Python", 14, 0, 0, 0, 0, 0, 0, 0, 0, 0, 0, 4, 6, 24
"d:\Users\yoonus\documents\GitHub\Stock_AI_Predictor\pyproject.toml", "toml", 0, 29, 0, 0, 0, 0, 0, 0, 0, 0, 0, 0, 3, 32
"d:\Users\yoonus\documents\GitHub\Stock_AI_Predictor\requirements.txt", "pip requirements", 0, 0, 531, 0, 0, 0, 0, 0, 0, 0, 0, 0, 0, 531
"d:\Users\yoonus\documents\GitHub\Stock_AI_Predictor\stock_ai_predictor.egg-info\__init__.py", "Python", 0, 0, 0, 0, 0, 0, 0, 0, 0, 0, 0, 0, 1, 1
"d:\Users\yoonus\documents\GitHub\Stock_AI_Predictor\trades_1_1H.csv", "CSV", 0, 0, 0, 0, 0, 0, 3262, 0, 0, 0, 0, 0, 1, 3263
"Total", "-", 35877, 29, 544, 3316, 109267, 23, 634257, 10984, 5, 12, 2615, 16392, 11642, 824963